COUNTRY,ISO3,WHO_REGION,DATA_SOURCE,DATE_UPDATED,TOTAL_VACCINATIONS,PERSONS_VACCINATED_1PLUS_DOSE,TOTAL_VACCINATIONS_PER100,PERSONS_VACCINATED_1PLUS_DOSE_PER100,PERSONS_FULLY_VACCINATED,PERSONS_FULLY_VACCINATED_PER100,VACCINES_USED,FIRST_VACCINE_DATE,NUMBER_VACCINES_TYPES_USED,PERSONS_BOOSTER_ADD_DOSE,PERSONS_BOOSTER_ADD_DOSE_PER100
Afghanistan,AFG,EMRO,REPORTING,7/10/2022,6491111,5755294,16.675,14.784,5105618,13.115,"AstraZeneca - Vaxzevria,Beijing CNBG - BBIBP-CorV,Bharat - Covaxin,CanSino - Convidecia,Gamaleya - Gam-Covid-Vac,Gamaleya - Sputnik-Light,Janssen - Ad26.COV 2-S,Moderna - Spikevax,Pfizer BioNTech - Comirnaty,SII - Covishield,Sinovac - CoronaVac",2/22/2021,11,,
Albania,ALB,EURO,REPORTING,6/26/2022,2906126,1326545,101,46.612,1248781,43.879,"AstraZeneca - Vaxzevria,Gamaleya - Gam-Covid-Vac,Pfizer BioNTech - Comirnaty,SII - Covishield,Sinovac - CoronaVac",1/13/2021,5,324545,11.404
Algeria,DZA,AFRO,REPORTING,7/3/2022,15205854,7840131,34.676,17.879,6481186,14.78,"Beijing CNBG - BBIBP-CorV,Gamaleya - Gam-Covid-Vac,SII - Covishield,Sinovac - CoronaVac",1/30/2021,4,514063,1.172
American Samoa,ASM,WPRO,REPORTING,6/24/2022,109507,44586,198.393,80.776,41160,74.569,"Janssen - Ad26.COV 2-S,Moderna - Spikevax,Pfizer BioNTech - Comirnaty",12/21/2020,3,23501,42.577
Andorra,AND,EURO,REPORTING,6/26/2022,153383,57886,198.5,75.989,53456,70.173,"AstraZeneca - Vaxzevria,Moderna - Spikevax,Pfizer BioNTech - Comirnaty",1/20/2021,3,42041,55.189
Angola,AGO,AFRO,REPORTING,7/3/2022,20701915,13275026,62.988,40.391,7226565,21.988,SII - Covishield,3/10/2021,1,808939,2.461
Anguilla,AIA,AMRO,REPORTING,7/15/2022,24060,10837,160.379,72.237,10273,68.478,"AstraZeneca - Vaxzevria,Pfizer BioNTech - Comirnaty",2/5/2021,2,2950,19.664
Antigua and Barbuda,ATG,AMRO,REPORTING,7/15/2022,136185,64176,139.065,65.533,62171,63.486,"AstraZeneca - Vaxzevria,Beijing CNBG - BBIBP-CorV,Gamaleya - Gam-Covid-Vac,Janssen - Ad26.COV 2-S,Pfizer BioNTech - Comirnaty,SII - Covishield",3/1/2021,6,9838,10.046
Argentina,ARG,AMRO,REPORTING,7/15/2022,106885043,41179278,236.493,91.113,37650358,83.305,"AstraZeneca - Vaxzevria,Beijing CNBG - BBIBP-CorV,CanSino - Convidecia,Gamaleya - Gam-Covid-Vac,Moderna - Spikevax,Pfizer BioNTech - Comirnaty,SII - Covishield",12/29/2020,7,28373683,62.78
Armenia,ARM,EURO,REPORTING,5/22/2022,2150112,1129669,72.6,38.123,985807,33.268,"AstraZeneca - Vaxzevria,Beijing CNBG - BBIBP-CorV,Gamaleya - Gam-Covid-Vac,Gamaleya - Sputnik-Light,Moderna - Spikevax,Pfizer BioNTech - Comirnaty,Sinovac - CoronaVac,Wuhan CNBG - Inactivated",6/16/2021,8,40725,1.374
Aruba,ABW,AMRO,REPORTING,7/15/2022,172370,89333,161.447,83.672,83037,77.775,"Janssen - Ad26.COV 2-S,Pfizer BioNTech - Comirnaty",2/17/2021,2,,
Australia,AUS,WPRO,REPORTING,7/10/2022,60610015,22363868,237.687,87.702,21689974,85.059,"AstraZeneca - Vaxzevria,Janssen - Ad26.COV 2-S,Moderna - Spikevax,Novavax-NUVAXOVID,Pfizer BioNTech - Comirnaty",2/21/2021,5,13941692,54.674
Austria,AUT,EURO,REPORTING,6/26/2022,18415665,6831443,206.9,76.749,6624374,74.422,"AstraZeneca - Vaxzevria,Janssen - Ad26.COV 2-S,Moderna - Spikevax,Novavax-NUVAXOVID,Pfizer BioNTech - Comirnaty,Unknown Vaccine",12/30/2020,6,5311138,59.669
Azerbaijan,AZE,EURO,REPORTING,6/26/2022,13624260,5377171,134.4,53.034,4857083,47.904,"AstraZeneca - Vaxzevria,Gamaleya - Gam-Covid-Vac,Gamaleya - Sputnik-Light,Pfizer BioNTech - Comirnaty,Sinovac - CoronaVac",1/20/2021,5,3390008,33.435
Bahamas,BHS,AMRO,REPORTING,7/15/2022,346253,166471,88.05,42.333,159548,40.572,"AstraZeneca - Vaxzevria,Janssen - Ad26.COV 2-S,Pfizer BioNTech - Comirnaty,SII - Covishield",3/14/2021,4,30640,7.792
Bahrain,BHR,EMRO,REPORTING,7/10/2022,3456455,1238724,203.133,72.799,1223530,71.906,"AstraZeneca - Vaxzevria,Beijing CNBG - BBIBP-CorV,Bharat - Covaxin,CanSino - Convidecia,Gamaleya - Gam-Covid-Vac,Gamaleya - Sputnik-Light,Janssen - Ad26.COV 2-S,Moderna - Spikevax,Pfizer BioNTech - Comirnaty,SII - Covishield,Sinovac - CoronaVac",11/4/2020,11,994201,58.428
Bangladesh,BGD,SEARO,REPORTING,7/18/2022,285915619,129586721,173.609,78.686,120138083,72.948,"AstraZeneca - Vaxzevria,Beijing CNBG - BBIBP-CorV,Gamaleya - Gam-Covid-Vac,Janssen - Ad26.COV 2-S,Moderna - Spikevax,Pfizer BioNTech - Comirnaty,SII - Covishield,Sinovac - CoronaVac",1/27/2021,8,36190815,21.975
Barbados,BRB,AMRO,REPORTING,7/15/2022,372810,162789,129.729,56.647,153773,53.51,"AstraZeneca - Vaxzevria,Beijing CNBG - BBIBP-CorV,Janssen - Ad26.COV 2-S,Pfizer BioNTech - Comirnaty,SII - Covishield",1/8/2021,5,56248,19.573
Belarus,BLR,EURO,REPORTING,6/19/2022,13206203,6425755,139.8,68.002,6325490,66.941,"Beijing CNBG - BBIBP-CorV,Chumakov - Covi-Vac,Gamaleya - Gam-Covid-Vac,Gamaleya - Sputnik-Light",2/3/2021,4,756085,8.001
Belgium,BEL,EURO,REPORTING,6/26/2022,25632440,9238145,222.5,80.175,9141821,79.339,"AstraZeneca - Vaxzevria,Janssen - Ad26.COV 2-S,Moderna - Spikevax,Pfizer BioNTech - Comirnaty",12/30/2020,4,7171264,62.237
Belize,BLZ,AMRO,REPORTING,7/15/2022,494935,249143,124.472,62.657,217556,54.713,"AstraZeneca - Vaxzevria,Beijing CNBG - BBIBP-CorV,Janssen - Ad26.COV 2-S,Pfizer BioNTech - Comirnaty,SII - Covishield",3/1/2021,5,49828,12.531
Benin,BEN,AFRO,REPORTING,7/3/2022,3681560,3174135,30.368,26.182,2690085,22.19,"AstraZeneca - Vaxzevria,Janssen - Ad26.COV 2-S,Pfizer BioNTech - Comirnaty,SII - Covishield,Sinovac - CoronaVac",3/29/2021,5,0,0
Bermuda,BMU,AMRO,REPORTING,7/15/2022,132042,48554,212.037,77.97,47657,76.529,"AstraZeneca - Vaxzevria,Pfizer BioNTech - Comirnaty",1/11/2021,2,31829,51.112
Bhutan,BTN,SEARO,REPORTING,7/17/2022,1911837,693082,247.773,89.823,672851,87.201,"AstraZeneca - Vaxzevria,Beijing CNBG - BBIBP-CorV,Moderna - Spikevax,Pfizer BioNTech - Comirnaty,SII - Covishield",3/27/2021,5,545904,70.749
Bolivia (Plurinational State of),BOL,AMRO,REPORTING,7/15/2022,14362951,7257747,123.044,62.175,6038881,51.734,"Beijing CNBG - BBIBP-CorV,Gamaleya - Gam-Covid-Vac,Janssen - Ad26.COV 2-S,Moderna - Spikevax,Pfizer BioNTech - Comirnaty,SII - Covishield",1/30/2021,6,1779841,15.247
"Bonaire, Sint Eustatius and Saba",BES,AMRO,OWID,9/1/2021,35845,19109,137.934,73.533,16736,64.401,"Moderna - mRNA-1273, Pfizer BioNTech - Comirnaty",,2,,
Bosnia and Herzegovina,BIH,EURO,REPORTING,1/29/2022,1924950,943394,58.7,28.755,846080,25.789,"AstraZeneca - AZD1222, Pfizer BioNTech - Comirnaty, Sinovac - CoronaVac, Gamaleya - Sputnik V",,4,,
Botswana,BWA,AFRO,REPORTING,7/3/2022,2730607,1696430,116.116,72.139,1512567,64.32,"Bharat - Covaxin,Janssen - Ad26.COV 2-S,Moderna - Spikevax,Pfizer BioNTech - Comirnaty,SII - Covishield,Sinovac - CoronaVac",3/26/2021,6,391031,16.628
Brazil,BRA,AMRO,REPORTING,7/15/2022,455195559,181697268,214.15,85.481,162633930,76.512,"AstraZeneca - Vaxzevria,Janssen - Ad26.COV 2-S,Pfizer BioNTech - Comirnaty,SII - Covishield,Sinovac - CoronaVac",1/17/2021,5,102442042,48.195
British Virgin Islands,VGB,AMRO,REPORTING,7/15/2022,41346,19433,136.74,64.269,18187,60.148,"AstraZeneca - Vaxzevria,Janssen - Ad26.COV 2-S",2/11/2021,2,3726,12.323
Brunei Darussalam,BRN,WPRO,REPORTING,5/27/2022,1173118,444293,268.154,101.558,426764,97.551,"AstraZeneca - Vaxzevria,Beijing CNBG - BBIBP-CorV,Janssen - Ad26.COV 2-S,Moderna - Spikevax,Pfizer BioNTech - Comirnaty",4/3/2021,5,301719,68.968
Bulgaria,BGR,EURO,REPORTING,6/26/2022,4407711,2092116,63.4,30.096,2063324,29.682,"AstraZeneca - Vaxzevria,Janssen - Ad26.COV 2-S,Moderna - Spikevax,Pfizer BioNTech - Comirnaty",12/30/2020,4,760212,10.936
Burkina Faso,BFA,AFRO,REPORTING,7/3/2022,2947625,2449809,14.101,11.72,1555140,7.44,"Beijing CNBG - BBIBP-CorV,Janssen - Ad26.COV 2-S,SII - Covishield",6/2/2021,3,0,0
Burundi,BDI,AFRO,REPORTING,7/10/2022,17926,16068,0.151,0.135,15489,0.13,Beijing CNBG - BBIBP-CorV,10/18/2021,1,8,0
Cabo Verde,CPV,AFRO,REPORTING,7/10/2022,802216,355522,144.287,63.944,307655,55.335,"Beijing CNBG - BBIBP-CorV,Moderna - Spikevax,Pfizer BioNTech - Comirnaty,SII - Covishield",3/18/2021,4,234,0.042
Cambodia,KHM,WPRO,REPORTING,7/8/2022,41343067,15096276,247.282,90.294,14400317,86.132,"AstraZeneca - Vaxzevria,Beijing CNBG - BBIBP-CorV,Janssen - Ad26.COV 2-S,Moderna - Spikevax,Pfizer BioNTech - Comirnaty,SII - Covishield,Sinovac - CoronaVac",2/10/2021,7,9529316,56.997
Cameroon,CMR,AFRO,REPORTING,7/10/2022,1849562,1566331,6.967,5.9,1223119,4.608,"Beijing CNBG - BBIBP-CorV,Janssen - Ad26.COV 2-S,Pfizer BioNTech - Comirnaty,SII - Covishield",4/12/2021,4,52011,0.196
Canada,CAN,AMRO,REPORTING,7/15/2022,85794114,32607089,227.316,86.394,31330579,83.012,"AstraZeneca - Vaxzevria,Janssen - Ad26.COV 2-S,Moderna - Spikevax,Pfizer BioNTech - Comirnaty,SII - Covishield",12/14/2020,5,18873678,50.007
Cayman Islands,CYM,AMRO,REPORTING,7/15/2022,146793,61453,223.361,93.507,59810,91.007,Pfizer BioNTech - Comirnaty,1/15/2021,1,23670,36.016
Central African Republic,CAF,AFRO,REPORTING,7/3/2022,1353144,1260593,28.017,26.1,1204209,24.933,"Bharat - Covaxin,SII - Covishield",3/19/2021,2,,
Chad,TCD,AFRO,REPORTING,7/3/2022,2356138,2218493,14.344,13.506,2093522,12.745,Beijing CNBG - BBIBP-CorV,6/4/2021,1,0,0
Chile,CHL,AMRO,REPORTING,7/15/2022,60220094,18012384,315.021,94.226,17597453,92.055,"AstraZeneca - Vaxzevria,CanSino - Convidecia,Moderna - Spikevax,Pfizer BioNTech - Comirnaty,Sinovac - CoronaVac",12/21/2020,5,15202780,79.528
China,CHN,WPRO,REPORTING,7/10/2022,3427624099,1307343427,232.968,88.857,1267036924,86.118,"Anhui ZL - Zifivax,Beijing CNBG - BBIBP-CorV,CanSino - Convidecia,IMB - Covidful,Pfizer BioNTech - Comirnaty,Shenzhen - LV-SMENP-DC,Sinovac - CoronaVac,Wuhan CNBG - Inactivated",7/22/2020,8,775387473,52.701
Colombia,COL,AMRO,REPORTING,7/15/2022,86474076,42480321,169.947,83.486,36295164,71.331,"AstraZeneca - Vaxzevria,Janssen - Ad26.COV 2-S,Moderna - Spikevax,Pfizer BioNTech - Comirnaty,Sinovac - CoronaVac",2/17/2021,5,13254074,26.048
Comoros,COM,AFRO,REPORTING,7/3/2022,642320,409094,73.864,47.044,362030,41.632,"Beijing CNBG - BBIBP-CorV,Bharat - Covaxin,SII - Covishield",4/10/2021,3,0,0
Congo,COG,AFRO,REPORTING,7/3/2022,831318,693902,15.065,12.575,652422,11.823,"Beijing CNBG - BBIBP-CorV,Gamaleya - Gam-Covid-Vac,Moderna - Spikevax,SII - Covishield",3/23/2021,4,0,0
Cook Islands,COK,WPRO,REPORTING,5/10/2022,39612,15020,225.529,85.516,14676,83.557,Pfizer BioNTech - Comirnaty,5/17/2021,1,9916,56.456
Costa Rica,CRI,AMRO,REPORTING,7/15/2022,11323830,4437629,222.292,87.113,4175944,81.976,"AstraZeneca - Vaxzevria,Moderna - Spikevax,Pfizer BioNTech - Comirnaty",12/24/2020,3,2402802,47.168
Côte d'Ivoire,CIV,AFRO,REPORTING,7/3/2022,14445720,9229469,54.764,34.989,6808411,25.811,"Beijing CNBG - BBIBP-CorV,Gamaleya - Gam-Covid-Vac,Janssen - Ad26.COV 2-S,Pfizer BioNTech - Comirnaty,SII - Covishield",3/1/2021,5,388079,1.471
Croatia,HRV,EURO,REPORTING,6/26/2022,5258085,2313895,129.6,57.052,2240471,55.209,"AstraZeneca - Vaxzevria,Janssen - Ad26.COV 2-S,Moderna - Spikevax,Novavax-NUVAXOVID,Pfizer BioNTech - Comirnaty,Unknown Vaccine",12/23/2020,6,900290,22.185
Cuba,CUB,AMRO,REPORTING,7/15/2022,36647078,10681804,323.548,94.307,9976089,88.077,"CIGB - CIGB-66,Finlay - Soberana Plus,Finlay - Soberana-02",,3,7427059,65.572
Curaçao,CUW,AMRO,REPORTING,7/15/2022,254495,108312,155.092,66.006,99659,60.733,"AstraZeneca - Vaxzevria,Moderna - Spikevax,Pfizer BioNTech - Comirnaty",2/24/2021,3,46524,28.352
Cyprus,CYP,EURO,REPORTING,6/26/2022,1802172,665705,202.9,74.966,654909,73.751,"AstraZeneca - Vaxzevria,Janssen - Ad26.COV 2-S,Moderna - Spikevax,Novavax-NUVAXOVID,Pfizer BioNTech - Comirnaty",12/23/2020,5,481079,54.175
Czechia,CZE,EURO,REPORTING,6/26/2022,17654578,6958778,165.1,65.072,6872820,64.268,"AstraZeneca - Vaxzevria,Janssen - Ad26.COV 2-S,Moderna - Spikevax,Novavax-NUVAXOVID,Pfizer BioNTech - Comirnaty",12/23/2020,5,4233224,39.585
Democratic Republic of the Congo,COD,AFRO,REPORTING,7/10/2022,3825485,2979005,4.271,3.326,2272532,2.537,SII - Covishield,4/19/2021,1,,
Denmark,DNK,EURO,REPORTING,6/26/2022,13209562,4827198,226.9,82.902,4781127,82.111,"AstraZeneca - Vaxzevria,Janssen - Ad26.COV 2-S,Moderna - Spikevax,Pfizer BioNTech - Comirnaty,Unknown Vaccine",12/16/2020,5,3647996,62.651
Djibouti,DJI,EMRO,REPORTING,7/7/2022,226678,206074,22.943,20.858,165290,16.73,"AstraZeneca - Vaxzevria,Beijing CNBG - BBIBP-CorV,Bharat - Covaxin,CanSino - Convidecia,Gamaleya - Gam-Covid-Vac,Gamaleya - Sputnik-Light,Janssen - Ad26.COV 2-S,Moderna - Spikevax,Pfizer BioNTech - Comirnaty,SII - Covishield,Sinovac - CoronaVac",3/15/2021,11,,
Dominica,DMA,AMRO,REPORTING,7/15/2022,66992,32872,93.056,45.661,30474,42.33,"AstraZeneca - Vaxzevria,Beijing CNBG - BBIBP-CorV,Pfizer BioNTech - Comirnaty,SII - Covishield",2/12/2021,4,3646,5.065
Dominican Republic,DOM,AMRO,REPORTING,7/15/2022,15650777,7245519,144.275,66.792,6007724,55.381,"AstraZeneca - Vaxzevria,SII - Covishield,Sinovac - CoronaVac",2/16/2021,3,2397534,22.101
Ecuador,ECU,AMRO,REPORTING,7/15/2022,36204111,15201778,205.203,86.163,14036056,79.556,"AstraZeneca - Vaxzevria,CanSino - Convidecia,Pfizer BioNTech - Comirnaty,Sinovac - CoronaVac",1/20/2021,4,6595502,37.383
Egypt,EGY,EMRO,REPORTING,7/5/2022,92261780,50738501,90.157,49.581,37563097,36.706,"AstraZeneca - Vaxzevria,Beijing CNBG - BBIBP-CorV,Bharat - Covaxin,CanSino - Convidecia,Gamaleya - Gam-Covid-Vac,Gamaleya - Sputnik-Light,Janssen - Ad26.COV 2-S,Moderna - Spikevax,Pfizer BioNTech - Comirnaty,Sinovac - CoronaVac",1/24/2021,10,5883774,5.75
El Salvador,SLV,AMRO,REPORTING,7/15/2022,10962238,4602143,169.009,70.953,4308307,66.423,"AstraZeneca - Vaxzevria,Beijing CNBG - BBIBP-CorV,Moderna - Spikevax,Pfizer BioNTech - Comirnaty,SII - Covishield,Sinovac - CoronaVac",2/17/2021,6,1725905,26.609
Equatorial Guinea,GNQ,AFRO,REPORTING,7/3/2022,484554,267610,34.537,19.074,208104,14.833,"Beijing CNBG - BBIBP-CorV,Sinovac - CoronaVac",2/12/2021,2,4420,0.315
Estonia,EST,EURO,REPORTING,6/26/2022,2077603,841965,156.3,63.354,837753,63.037,"AstraZeneca - Vaxzevria,Janssen - Ad26.COV 2-S,Moderna - Spikevax,Novavax-NUVAXOVID,Pfizer BioNTech - Comirnaty",12/23/2020,5,461815,34.75
Eswatini,SWZ,AFRO,REPORTING,7/3/2022,684176,410506,58.972,35.383,342088,29.486,"Janssen - Ad26.COV 2-S,Pfizer BioNTech - Comirnaty,SII - Covishield",3/19/2021,3,66331,5.717
Ethiopia,ETH,AFRO,REPORTING,7/10/2022,52192941,44695420,45.4,38.878,38296046,33.311,"Beijing CNBG - BBIBP-CorV,Bharat - Covaxin,Janssen - Ad26.COV 2-S,SII - Covishield",3/13/2021,4,2612531,2.272
Falkland Islands (Malvinas),FLK,AMRO,REPORTING,6/21/2022,9390,3220,269.595,92.449,2976,85.444,AstraZeneca - AZD1222,,1,2543,73.012
Faroe Islands,FRO,EURO,OWID,2/18/2022,103894,41715,212.614,85.368,40895,83.69,"Moderna - mRNA-1273, Pfizer BioNTech - Comirnaty",,2,21284,43.557
Fiji,FJI,WPRO,REPORTING,7/7/2022,1484625,706769,165.613,78.841,635406,70.881,"AstraZeneca - Vaxzevria,Moderna - Spikevax,SII - Covishield",3/7/2021,3,142450,15.891
Finland,FIN,EURO,REPORTING,6/26/2022,11868952,4534800,214.8,82.073,4345836,78.654,"AstraZeneca - Vaxzevria,Janssen - Ad26.COV 2-S,Moderna - Spikevax,Pfizer BioNTech - Comirnaty,Unknown Vaccine",12/23/2020,5,2988316,54.084
France,FRA,EURO,REPORTING,6/26/2022,149219948,54450067,221.7,80.882,52890504,78.566,"AstraZeneca - Vaxzevria,Janssen - Ad26.COV 2-S,Moderna - Spikevax,Novavax-NUVAXOVID,Pfizer BioNTech - Comirnaty,Unknown Vaccine",12/30/2020,6,40141101,59.627
French Guiana,GUF,AMRO,REPORTING,7/15/2022,235405,99250,78.815,33.229,89965,30.121,"Moderna - Spikevax,Pfizer BioNTech - Comirnaty",1/13/2021,2,44661,14.953
French Polynesia,PYF,WPRO,REPORTING,5/30/2022,456203,188245,162.403,67.013,184470,65.669,"Janssen - Ad26.COV 2-S,Pfizer BioNTech - Comirnaty",1/18/2021,2,92575,32.956
Gabon,GAB,AFRO,REPORTING,7/10/2022,568751,309473,25.553,13.904,256802,11.538,"Beijing CNBG - BBIBP-CorV,Gamaleya - Gam-Covid-Vac,Pfizer BioNTech - Comirnaty",3/23/2021,3,2476,0.111
Gambia,GMB,AFRO,REPORTING,7/3/2022,812811,449464,33.634,18.599,354340,14.662,"Beijing CNBG - BBIBP-CorV,SII - Covishield",3/10/2021,2,9007,0.373
Georgia,GEO,EURO,REPORTING,6/19/2022,2694779,1284556,67.6,32.201,1169442,29.315,"AstraZeneca - Vaxzevria,Beijing CNBG - BBIBP-CorV,Pfizer BioNTech - Comirnaty,Sinovac - CoronaVac",3/17/2021,4,240781,6.036
Germany,DEU,EURO,REPORTING,6/26/2022,182641069,64692715,219.6,77.787,64742254,77.846,"AstraZeneca - Vaxzevria,Janssen - Ad26.COV 2-S,Moderna - Spikevax,Novavax-NUVAXOVID,Pfizer BioNTech - Comirnaty,Unknown Vaccine",12/23/2020,6,51232189,61.602
Ghana,GHA,AFRO,REPORTING,7/10/2022,19883528,10872794,63.99,34.991,7691954,24.755,"Gamaleya - Gam-Covid-Vac,SII - Covishield",3/2/2021,2,1318780,4.244
Gibraltar,GIB,EURO,OWID,4/21/2022,119855,42074,355.748,124.882,41421,122.944,"AstraZeneca - AZD1222, Pfizer BioNTech - Comirnaty",,2,36360,107.922
Greece,GRC,EURO,REPORTING,6/26/2022,21161653,7901083,197.4,73.714,7719202,72.017,"AstraZeneca - Vaxzevria,Janssen - Ad26.COV 2-S,Moderna - Spikevax,Novavax-NUVAXOVID,Pfizer BioNTech - Comirnaty",12/23/2020,5,5804600,54.155
Greenland,GRL,EURO,OWID,3/7/2022,79745,41243,140.465,72.647,38502,67.819,Moderna - mRNA-1273,,1,,
Grenada,GRD,AMRO,REPORTING,7/15/2022,89284,43808,79.347,38.932,38623,34.325,"AstraZeneca - Vaxzevria,Janssen - Ad26.COV 2-S,Pfizer BioNTech - Comirnaty,SII - Covishield",2/15/2021,4,6853,6.09
Guadeloupe,GLP,AMRO,REPORTING,7/15/2022,383462,149778,95.836,37.433,143932,35.972,"AstraZeneca - Vaxzevria,Janssen - Ad26.COV 2-S,Moderna - Spikevax,Pfizer BioNTech - Comirnaty",1/8/2021,6,85997,21.493
Guam,GUM,WPRO,REPORTING,6/24/2022,359972,154062,213.285,91.282,139967,82.931,"Janssen - Ad26.COV 2-S,Moderna - Spikevax,Pfizer BioNTech - Comirnaty",1/4/2021,3,69028,40.899
Guatemala,GTM,AMRO,REPORTING,7/15/2022,18147981,8331159,101.297,46.502,6383136,35.629,"AstraZeneca - Vaxzevria,Gamaleya - Gam-Covid-Vac,Moderna - Spikevax,Pfizer BioNTech - Comirnaty,SII - Covishield",2/25/2021,5,3190952,17.811
Guernsey,GGY,EURO,OWID,7/12/2022,157708,,244.63,,,,"Moderna - mRNA-1273, AstraZeneca - AZD1222, Pfizer BioNTech - Comirnaty",,3,,
Guinea,GIN,AFRO,REPORTING,7/10/2022,6334117,4553823,48.231,34.675,2641374,20.113,"Beijing CNBG - BBIBP-CorV,Gamaleya - Gam-Covid-Vac,Janssen - Ad26.COV 2-S,Pfizer BioNTech - Comirnaty,SII - Covishield,Sinovac - CoronaVac",3/5/2021,6,1458,0.011
Guinea-Bissau,GNB,AFRO,REPORTING,7/10/2022,573125,529954,29.122,26.929,342389,17.398,"Beijing CNBG - BBIBP-CorV,SII - Covishield",4/2/2021,2,745,0.038
Guyana,GUY,AMRO,REPORTING,7/15/2022,1014218,484286,128.945,61.571,460429,58.538,"AstraZeneca - Vaxzevria,Beijing CNBG - BBIBP-CorV,Gamaleya - Gam-Covid-Vac,Janssen - Ad26.COV 2-S,Moderna - Spikevax,Pfizer BioNTech - Comirnaty,SII - Covishield",2/11/2021,7,69503,8.836
Haiti,HTI,AMRO,REPORTING,7/15/2022,351767,248075,3.085,2.176,161066,1.413,"Janssen - Ad26.COV 2-S,Moderna - Spikevax",,2,,
Honduras,HND,AMRO,REPORTING,7/15/2022,14700875,6335843,148.425,63.969,5432244,54.846,"AstraZeneca - Vaxzevria,Gamaleya - Gam-Covid-Vac,Janssen - Ad26.COV 2-S,Moderna - Spikevax,Pfizer BioNTech - Comirnaty,SII - Covishield",2/22/2021,6,2933163,29.614
Hungary,HUN,EURO,REPORTING,6/26/2022,16412854,6347786,168,64.975,6141962,62.869,"AstraZeneca - Vaxzevria,Beijing CNBG - BBIBP-CorV,Gamaleya - Gam-Covid-Vac,Janssen - Ad26.COV 2-S,Moderna - Spikevax,Pfizer BioNTech - Comirnaty,Sinovac - CoronaVac",12/23/2020,7,3847278,39.38
Iceland,ISL,EURO,REPORTING,6/26/2022,811285,306672,222.8,84.22,297147,81.604,"AstraZeneca - Vaxzevria,Janssen - Ad26.COV 2-S,Moderna - Spikevax,Pfizer BioNTech - Comirnaty",12/30/2020,4,250993,68.929
India,IND,SEARO,REPORTING,7/19/2022,2005904277,1017812134,145.355,73.754,927128547,67.183,"Bharat - Covaxin,Biological E - Corbevax,Gamaleya - Gam-Covid-Vac,Janssen - Ad26.COV 2-S,Moderna - Spikevax,SII - Covishield,SII - Covovax,Zydus - ZyCov-D",1/16/2021,8,60963596,4.418
Indonesia,IDN,SEARO,REPORTING,7/19/2022,425004686,202015743,155.381,73.857,169625747,62.015,"AstraZeneca - Vaxzevria,Beijing CNBG - BBIBP-CorV,Janssen - Ad26.COV 2-S,Moderna - Spikevax,Novavax-NUVAXOVID,Pfizer BioNTech - Comirnaty,Sinovac - CoronaVac",1/13/2021,7,53363196,19.51
Iran (Islamic Republic of),IRN,EMRO,REPORTING,7/10/2022,150558738,64671376,179.252,76.996,58036983,69.097,"AstraZeneca - Vaxzevria,Beijing CNBG - BBIBP-CorV,Bharat - Covaxin,CanSino - Convidecia,Finlay - Soberana-02,Gamaleya - Gam-Covid-Vac,Gamaleya - Sputnik-Light,Janssen - Ad26.COV 2-S,Moderna - Spikevax,Pfizer BioNTech - Comirnaty,Shifa - COVIran Barakat,Sinovac - CoronaVac",2/9/2021,12,27850379,33.158
Iraq,IRQ,EMRO,REPORTING,7/10/2022,18785269,10913964,46.703,27.134,7664049,19.054,"AstraZeneca - Vaxzevria,Beijing CNBG - BBIBP-CorV,Bharat - Covaxin,CanSino - Convidecia,Gamaleya - Gam-Covid-Vac,Gamaleya - Sputnik-Light,Janssen - Ad26.COV 2-S,Moderna - Spikevax,Pfizer BioNTech - Comirnaty,Sinovac - CoronaVac",3/2/2021,10,207256,0.515
Ireland,IRL,EURO,REPORTING,6/26/2022,11262185,4041242,226.9,83.861,4002677,80.627,"AstraZeneca - Vaxzevria,Janssen - Ad26.COV 2-S,Moderna - Spikevax,Novavax-NUVAXOVID,Pfizer BioNTech - Comirnaty",12/30/2020,5,2960254,59.629
Isle of Man,IMN,EURO,OWID,6/23/2022,189994,69560,223.438,81.804,67106,78.919,"Moderna - mRNA-1273, AstraZeneca - AZD1222, Pfizer BioNTech - Comirnaty",,3,53328,62.715
Israel,ISR,EURO,REPORTING,5/8/2022,15018677,7054015,173.5,81.497,6382834,73.743,"AstraZeneca - Vaxzevria,Moderna - Spikevax,Pfizer BioNTech - Comirnaty",12/16/2020,3,1581828,18.275
Italy,ITA,EURO,REPORTING,6/19/2022,136956684,50398711,229.6,84.507,47477358,79.605,"AstraZeneca - Vaxzevria,Janssen - Ad26.COV 2-S,Moderna - Spikevax,Novavax-NUVAXOVID,Pfizer BioNTech - Comirnaty",12/23/2020,5,40559884,68.006
Jamaica,JAM,AMRO,REPORTING,7/15/2022,1464715,817212,49.464,27.598,714407,24.126,"AstraZeneca - Vaxzevria,Beijing CNBG - BBIBP-CorV,Janssen - Ad26.COV 2-S,Pfizer BioNTech - Comirnaty,SII - Covishield",3/10/2021,5,42701,1.442
Japan,JPN,WPRO,REPORTING,7/7/2022,286269668,103762546,226.342,82.041,102388498,80.955,"AstraZeneca - Vaxzevria,Moderna - Spikevax,Novavax-NUVAXOVID,Pfizer BioNTech - Comirnaty",2/17/2021,4,78626745,62.167
Jersey,JEY,EURO,OWID,7/10/2022,237019,83745,219.877,77.688,80957,75.102,"Moderna - mRNA-1273, AstraZeneca - AZD1222, Pfizer BioNTech - Comirnaty",,3,72317,67.087
Jordan,JOR,EMRO,REPORTING,7/10/2022,10027401,4809987,98.278,47.142,4548721,44.582,"AstraZeneca - Vaxzevria,Beijing CNBG - BBIBP-CorV,Bharat - Covaxin,CanSino - Convidecia,Gamaleya - Gam-Covid-Vac,Gamaleya - Sputnik-Light,Janssen - Ad26.COV 2-S,Moderna - Spikevax,Pfizer BioNTech - Comirnaty,Sinovac - CoronaVac",1/13/2021,10,672821,6.594
Kazakhstan,KAZ,EURO,REPORTING,6/12/2022,26466651,10695524,141,56.962,11225218,59.783,"Beijing CNBG - BBIBP-CorV,Gamaleya - Gam-Covid-Vac,Pfizer BioNTech - Comirnaty,RIBSP - QazVac,Sinovac - CoronaVac",4/7/2021,5,4545909,24.21
Kenya,KEN,AFRO,REPORTING,7/3/2022,18535975,12641679,34.472,23.51,9326814,17.345,"Beijing CNBG - BBIBP-CorV,Janssen - Ad26.COV 2-S,Moderna - Spikevax,Pfizer BioNTech - Comirnaty,SII - Covishield",3/5/2021,5,376018,0.699
Kiribati,KIR,WPRO,REPORTING,5/14/2022,151235,80566,126.611,67.448,60670,50.792,"AstraZeneca - Vaxzevria,Beijing CNBG - BBIBP-CorV",5/26/2021,2,9999,8.371
Kosovo,XKX,EURO,REPORTING,6/12/2022,1829557,903255,101.9,50.302,823177,45.842,"AstraZeneca - Vaxzevria,Pfizer BioNTech - Comirnaty",3/31/2021,2,103125,5.743
Kuwait,KWT,EMRO,REPORTING,7/10/2022,8141439,3435840,190.641,80.454,3324867,77.855,"AstraZeneca - Vaxzevria,Beijing CNBG - BBIBP-CorV,Bharat - Covaxin,CanSino - Convidecia,Gamaleya - Gam-Covid-Vac,Gamaleya - Sputnik-Light,Janssen - Ad26.COV 2-S,Moderna - Spikevax,Pfizer BioNTech - Comirnaty,Sinovac - CoronaVac",12/28/2020,10,1380732,32.331
Kyrgyzstan,KGZ,EURO,REPORTING,6/26/2022,2891950,1442488,44.3,22.11,1279121,19.606,"AstraZeneca - Vaxzevria,Beijing CNBG - BBIBP-CorV,Gamaleya - Gam-Covid-Vac,Moderna - Spikevax,Pfizer BioNTech - Comirnaty,RIBSP - QazVac",3/31/2021,6,170341,2.611
Lao People's Democratic Republic,LAO,WPRO,REPORTING,6/27/2022,11753962,5834238,161.554,80.19,5136978,70.606,"AstraZeneca - Vaxzevria,Beijing CNBG - BBIBP-CorV,Gamaleya - Gam-Covid-Vac,Gamaleya - Sputnik-Light,Janssen - Ad26.COV 2-S,Pfizer BioNTech - Comirnaty,SII - Covishield,Sinovac - CoronaVac",11/25/2020,8,1670544,22.961
Latvia,LVA,EURO,REPORTING,6/12/2022,2829561,1301199,148.3,68.209,1269343,66.539,"AstraZeneca - Vaxzevria,Janssen - Ad26.COV 2-S,Moderna - Spikevax,Novavax-NUVAXOVID,Pfizer BioNTech - Comirnaty",12/30/2020,5,531212,27.846
Lebanon,LBN,EMRO,REPORTING,7/10/2022,5696640,2703855,83.462,39.614,2380026,34.87,"AstraZeneca - Vaxzevria,Beijing CNBG - BBIBP-CorV,Bharat - Covaxin,CanSino - Convidecia,Gamaleya - Gam-Covid-Vac,Gamaleya - Sputnik-Light,Janssen - Ad26.COV 2-S,Moderna - Spikevax,Pfizer BioNTech - Comirnaty,Sinovac - CoronaVac",2/14/2021,10,612759,8.978
Lesotho,LSO,AFRO,REPORTING,7/10/2022,1071629,916484,50.024,42.781,867653,40.502,"Beijing CNBG - BBIBP-CorV,Janssen - Ad26.COV 2-S,SII - Covishield",3/10/2021,3,26459,1.235
Liberia,LBR,AFRO,REPORTING,7/3/2022,2921554,2645947,57.765,52.315,2328125,46.031,SII - Covishield,4/1/2021,1,1929,0.038
Libya,LBY,EMRO,REPORTING,7/3/2022,3616272,2275934,52.629,33.122,1200824,17.476,"AstraZeneca - Vaxzevria,Beijing CNBG - BBIBP-CorV,Bharat - Covaxin,CanSino - Convidecia,Gamaleya - Gam-Covid-Vac,Gamaleya - Sputnik-Light,Janssen - Ad26.COV 2-S,Moderna - Spikevax,Pfizer BioNTech - Comirnaty,Sinovac - CoronaVac",4/11/2021,10,139514,2.03
Liechtenstein,LIE,OTHER,REPORTING,4/10/2022,71104,26681,183.5,68.86,26346,67.995,"Janssen - Ad26.COV 2-S,Moderna - Spikevax,Pfizer BioNTech - Comirnaty",1/6/2021,3,18310,47.255
Lithuania,LTU,EURO,REPORTING,6/26/2022,4475625,1951672,160.2,70.004,1902006,68.072,"AstraZeneca - Vaxzevria,Janssen - Ad26.COV 2-S,Moderna - Spikevax,Pfizer BioNTech - Comirnaty,Unknown Vaccine",12/23/2020,5,891603,31.91
Luxembourg,LUX,EURO,REPORTING,6/26/2022,1269673,469341,202.8,74.962,462338,73.843,"AstraZeneca - Vaxzevria,Janssen - Ad26.COV 2-S,Moderna - Spikevax,Novavax-NUVAXOVID,Pfizer BioNTech - Comirnaty",12/30/2020,5,362710,57.931
Madagascar,MDG,AFRO,REPORTING,7/10/2022,1578867,1316449,5.702,4.754,1277798,4.614,"Beijing CNBG - BBIBP-CorV,Janssen - Ad26.COV 2-S,SII - Covishield",5/10/2021,3,52244,0.189
Malawi,MWI,AFRO,REPORTING,7/10/2022,3171945,2125294,16.581,11.11,1517989,7.935,"Janssen - Ad26.COV 2-S,SII - Covishield",3/11/2021,2,21417,0.112
Malaysia,MYS,WPRO,REPORTING,7/7/2022,71301952,28046673,220.299,86.655,27318740,84.406,"AstraZeneca - Vaxzevria,Beijing CNBG - BBIBP-CorV,CanSino - Convidecia,Gamaleya - Gam-Covid-Vac,Janssen - Ad26.COV 2-S,Moderna - Spikevax,Pfizer BioNTech - Comirnaty,Sinovac - CoronaVac",2/24/2021,8,16152022,49.904
Maldives,MDV,SEARO,REPORTING,7/18/2022,948913,398958,175.548,73.807,384663,71.162,"AstraZeneca - Vaxzevria,Beijing CNBG - BBIBP-CorV,Gamaleya - Gam-Covid-Vac,Janssen - Ad26.COV 2-S,Moderna - Spikevax,Pfizer BioNTech - Comirnaty,SII - Covishield,Sinovac - CoronaVac",2/1/2021,8,165292,30.579
Mali,MLI,AFRO,REPORTING,7/3/2022,2583468,1914427,12.757,9.454,1376469,6.797,SII - Covishield,3/31/2021,1,,
Malta,MLT,EURO,REPORTING,6/12/2022,1248414,450106,242.6,87.473,444340,86.353,"AstraZeneca - Vaxzevria,Janssen - Ad26.COV 2-S,Moderna - Spikevax,Pfizer BioNTech - Comirnaty",12/23/2020,4,349679,67.956
Marshall Islands,MHL,WPRO,REPORTING,6/13/2022,72668,36583,122.762,61.802,29077,49.122,"Janssen - Ad26.COV 2-S,Moderna - Spikevax,Pfizer BioNTech - Comirnaty",12/29/2020,3,9519,16.081
Martinique,MTQ,AMRO,REPORTING,7/15/2022,389602,149595,103.821,39.864,144404,38.481,Pfizer BioNTech - Comirnaty,,1,91034,24.259
Mauritania,MRT,AFRO,REPORTING,7/3/2022,2853551,1927473,61.371,41.454,1334465,28.7,"Beijing CNBG - BBIBP-CorV,SII - Covishield",3/26/2021,2,216764,4.662
Mauritius,MUS,AFRO,REPORTING,7/10/2022,2563999,1021934,201.609,80.355,977728,76.879,"Beijing CNBG - BBIBP-CorV,Bharat - Covaxin,SII - Covishield",1/26/2021,3,626856,49.29
Mexico,MEX,AMRO,REPORTING,7/15/2022,209673612,90320224,162.622,70.052,79947470,62.007,"AstraZeneca - Vaxzevria,CanSino - Convidecia,Gamaleya - Gam-Covid-Vac,Janssen - Ad26.COV 2-S,Moderna - Spikevax,Pfizer BioNTech - Comirnaty,Sinovac - CoronaVac",12/24/2020,7,56611084,43.907
Micronesia (Federated States of),FSM,WPRO,REPORTING,6/13/2022,134783,69746,117.179,60.637,58741,51.069,"AstraZeneca - Vaxzevria,Janssen - Ad26.COV 2-S,Moderna - Spikevax,Pfizer BioNTech - Comirnaty",1/13/2021,4,18731,16.285
Monaco,MCO,EURO,REPORTING,1/2/2022,58294,23460,148.5,59.78,23356,59.515,"AstraZeneca - Vaxzevria,Janssen - Ad26.COV 2-S,Moderna - Spikevax,Novavax - Covavax,Novavax-NUVAXOVID,Pfizer BioNTech - Comirnaty",6/30/2021,6,11478,29.248
Mongolia,MNG,WPRO,REPORTING,7/8/2022,5635286,2273798,171.897,69.359,2177097,66.41,"AstraZeneca - Vaxzevria,Beijing CNBG - BBIBP-CorV,Gamaleya - Gam-Covid-Vac,Moderna - Spikevax,Pfizer BioNTech - Comirnaty,SII - Covishield",2/23/2021,6,1048847,31.994
Montenegro,MNE,EURO,REPORTING,6/5/2022,525065,271816,83.6,43.709,253249,40.724,"AstraZeneca - Vaxzevria,Beijing CNBG - BBIBP-CorV,Gamaleya - Gam-Covid-Vac,Pfizer BioNTech - Comirnaty,Unknown Vaccine",2/24/2021,5,0,0
Montserrat,MSR,AMRO,REPORTING,7/15/2022,4472,2072,89.458,41.448,1890,37.808,AstraZeneca - Vaxzevria,2/8/2021,1,510,10.202
Morocco,MAR,EMRO,REPORTING,7/10/2022,54895476,24959986,148.726,67.623,23446872,63.523,"AstraZeneca - Vaxzevria,Beijing CNBG - BBIBP-CorV,Bharat - Covaxin,CanSino - Convidecia,Gamaleya - Gam-Covid-Vac,Gamaleya - Sputnik-Light,Janssen - Ad26.COV 2-S,Moderna - Spikevax,Pfizer BioNTech - Comirnaty,Sinovac - CoronaVac",1/28/2021,10,6586331,17.844
Mozambique,MOZ,AFRO,REPORTING,7/10/2022,23989564,13365886,76.753,42.763,13085308,41.866,"Beijing CNBG - BBIBP-CorV,Janssen - Ad26.COV 2-S,SII - Covishield",3/8/2021,3,497660,1.592
Myanmar,MMR,SEARO,REPORTING,6/18/2022,66954796,34777314,123.057,63.917,27545329,50.626,"Beijing CNBG - BBIBP-CorV,SII - Covishield",1/27/2021,2,2227351,4.094
Namibia,NAM,AFRO,REPORTING,7/10/2022,856277,513856,33.7,20.223,443559,17.457,"Beijing CNBG - BBIBP-CorV,Janssen - Ad26.COV 2-S,Pfizer BioNTech - Comirnaty,SII - Covishield",3/19/2021,4,77273,3.041
Nauru,NRU,WPRO,REPORTING,3/31/2022,22976,9464,212.073,87.355,8585,79.241,"AstraZeneca - Vaxzevria,SII - Covishield",4/9/2021,2,4927,45.477
Nepal,NPL,SEARO,REPORTING,7/19/2022,51564516,24056165,176.974,82.563,20497729,70.35,"AstraZeneca - Vaxzevria,Beijing CNBG - BBIBP-CorV,Bharat - Covaxin,Gamaleya - Gam-Covid-Vac,Janssen - Ad26.COV 2-S,Moderna - Spikevax,Pfizer BioNTech - Comirnaty,SII - Covishield",1/27/2021,8,7010622,24.061
Netherlands,NLD,EURO,REPORTING,6/26/2022,35568800,12803104,204.3,73.549,11979103,68.815,"AstraZeneca - Vaxzevria,Janssen - Ad26.COV 2-S,Moderna - Spikevax,Novavax-NUVAXOVID,Pfizer BioNTech - Comirnaty,Unknown Vaccine",1/6/2021,6,9324122,53.564
New Caledonia,NCL,WPRO,REPORTING,6/20/2022,461856,188411,161.772,65.994,180351,63.171,"Janssen - Ad26.COV 2-S,Pfizer BioNTech - Comirnaty",1/20/2021,2,93094,32.608
New Zealand,NZL,WPRO,REPORTING,7/8/2022,11214234,4261857,232.553,88.379,4089091,84.797,"AstraZeneca - Vaxzevria,Janssen - Ad26.COV 2-S,Novavax-NUVAXOVID,Pfizer BioNTech - Comirnaty",2/19/2021,4,2708195,56.161
Nicaragua,NIC,AMRO,REPORTING,7/15/2022,11545480,5964917,174.283,90.043,5580563,84.241,"AstraZeneca - Vaxzevria,CIGB - CIGB-66,Finlay - Soberana Plus,Finlay - Soberana-02,Gamaleya - Gam-Covid-Vac,Gamaleya - Sputnik-Light,Janssen - Ad26.COV 2-S,Pfizer BioNTech - Comirnaty,SII - Covishield",3/3/2021,9,,
Niger,NER,AFRO,REPORTING,7/3/2022,4364000,3619801,18.028,14.954,2861058,11.819,"Beijing CNBG - BBIBP-CorV,SII - Covishield",3/29/2021,2,,
Nigeria,NGA,AFRO,REPORTING,7/10/2022,55468500,36313593,26.908,17.616,24281618,11.779,SII - Covishield,3/5/2021,1,1369282,0.664
Niue,NIU,WPRO,REPORTING,3/13/2022,4161,1650,257.169,101.978,1417,87.577,Pfizer BioNTech - Comirnaty,6/8/2021,1,1094,67.614
North Macedonia,MKD,EURO,REPORTING,6/26/2022,1850145,853927,88.8,41.128,837453,40.335,"AstraZeneca - Vaxzevria,Beijing CNBG - BBIBP-CorV,Gamaleya - Gam-Covid-Vac,Pfizer BioNTech - Comirnaty,Sinovac - CoronaVac,Wuhan CNBG - Inactivated",2/17/2021,6,158765,7.647
Northern Mariana Islands (Commonwealth of the),MNP,WPRO,REPORTING,5/20/2022,111269,45247,193.32,78.613,43939,76.34,"Janssen - Ad26.COV 2-S,Moderna - Spikevax,Pfizer BioNTech - Comirnaty",12/19/2020,3,23245,40.386
Norway,NOR,EURO,REPORTING,6/26/2022,11347724,4340045,211.4,80.857,4051749,75.486,"AstraZeneca - Vaxzevria,Janssen - Ad26.COV 2-S,Moderna - Spikevax,Pfizer BioNTech - Comirnaty",12/23/2020,4,2962986,55.202
occupied Palestinian territory,PSE,EMRO,REPORTING,7/5/2022,3735608,2009161,73.227,39.384,1772790,34.751,"AstraZeneca - Vaxzevria,Beijing CNBG - BBIBP-CorV,Bharat - Covaxin,CanSino - Convidecia,Gamaleya - Gam-Covid-Vac,Gamaleya - Sputnik-Light,Janssen - Ad26.COV 2-S,Moderna - Spikevax,Pfizer BioNTech - Comirnaty,Sinovac - CoronaVac",2/2/2021,10,331793,6.504
Oman,OMN,EMRO,REPORTING,7/6/2022,7075878,3268765,138.563,64.01,3041332,59.557,"AstraZeneca - Vaxzevria,Beijing CNBG - BBIBP-CorV,Bharat - Covaxin,CanSino - Convidecia,Gamaleya - Gam-Covid-Vac,Gamaleya - Sputnik-Light,Janssen - Ad26.COV 2-S,Moderna - Spikevax,Pfizer BioNTech - Comirnaty,SII - Covishield,Sinovac - CoronaVac",12/29/2020,11,765781,14.996
Pakistan,PAK,EMRO,REPORTING,6/27/2022,287170265,153137989,130.005,69.327,130468130,59.064,"AstraZeneca - Vaxzevria,Beijing CNBG - BBIBP-CorV,Bharat - Covaxin,CanSino - Convidecia,Gamaleya - Gam-Covid-Vac,Gamaleya - Sputnik-Light,Janssen - Ad26.COV 2-S,Moderna - Spikevax,Pfizer BioNTech - Comirnaty,SII - Covishield,Sinovac - CoronaVac",2/3/2021,11,21011278,9.512
Palau,PLW,WPRO,REPORTING,6/24/2022,47642,20247,263.332,111.911,18043,99.729,"Janssen - Ad26.COV 2-S,Moderna - Spikevax,Pfizer BioNTech - Comirnaty",1/3/2021,3,11704,64.692
Panama,PAN,AMRO,REPORTING,7/15/2022,8449454,3487798,195.826,80.834,3123937,72.401,"AstraZeneca - Vaxzevria,Pfizer BioNTech - Comirnaty",1/20/2021,2,1660960,38.495
Papua New Guinea,PNG,WPRO,REPORTING,6/29/2022,466668,339974,5.216,3.8,280580,3.136,"AstraZeneca - Vaxzevria,Beijing CNBG - BBIBP-CorV,Janssen - Ad26.COV 2-S,SII - Covishield",3/30/2021,4,21585,0.241
Paraguay,PRY,AMRO,REPORTING,7/15/2022,9166555,3965418,128.517,55.596,3487974,48.902,"AstraZeneca - Vaxzevria,Beijing CNBG - BBIBP-CorV,Bharat - Covaxin,Gamaleya - Gam-Covid-Vac,Julphar - Hayat-Vax,Moderna - Spikevax,Pfizer BioNTech - Comirnaty,Sinovac - CoronaVac",2/22/2021,8,1520820,21.322
Peru,PER,AMRO,REPORTING,7/15/2022,79004320,29582775,239.611,89.721,27747656,84.156,"AstraZeneca - Vaxzevria,Beijing CNBG - BBIBP-CorV,Moderna - Spikevax,Pfizer BioNTech - Comirnaty",2/9/2021,4,19096259,57.917
Philippines,PHL,WPRO,REPORTING,7/7/2022,155714847,76230775,142.1,69.566,71560263,65.303,"AstraZeneca - Vaxzevria,Beijing CNBG - BBIBP-CorV,Bharat - Covaxin,Gamaleya - Gam-Covid-Vac,Gamaleya - Sputnik-Light,Janssen - Ad26.COV 2-S,Julphar - Hayat-Vax,Moderna - Spikevax,Novavax-NUVAXOVID,Pfizer BioNTech - Comirnaty,Sinovac - CoronaVac",3/1/2021,11,15279752,13.944
Pitcairn Islands,PCN,WPRO,REPORTING,2/28/2022,106,46,212,92,37,74,AstraZeneca - Vaxzevria,5/17/2021,1,23,46
Poland,POL,EURO,REPORTING,6/26/2022,54630536,22829363,143.9,60.144,22534178,59.366,"AstraZeneca - Vaxzevria,Janssen - Ad26.COV 2-S,Moderna - Spikevax,Novavax-NUVAXOVID,Pfizer BioNTech - Comirnaty",12/23/2020,5,12089724,31.85
Portugal,PRT,EURO,REPORTING,6/26/2022,24617451,9729313,239.1,94.593,8884962,86.296,"AstraZeneca - Vaxzevria,Beijing CNBG - BBIBP-CorV,Bharat - Covaxin,Janssen - Ad26.COV 2-S,Moderna - Spikevax,Novavax-NUVAXOVID,Pfizer BioNTech - Comirnaty,Sinovac - CoronaVac",12/23/2020,8,6731795,65.383
Puerto Rico,PRI,AMRO,REPORTING,7/15/2022,7396552,3063991,258.544,107.101,2674143,93.474,"Janssen - Ad26.COV 2-S,Moderna - Spikevax,Pfizer BioNTech - Comirnaty",,3,1602591,56.018
Qatar,QAT,EMRO,REPORTING,7/10/2022,7269500,2736362,252.321,94.978,2736362,94.978,"AstraZeneca - Vaxzevria,Beijing CNBG - BBIBP-CorV,Bharat - Covaxin,CanSino - Convidecia,Gamaleya - Gam-Covid-Vac,Gamaleya - Sputnik-Light,Janssen - Ad26.COV 2-S,Moderna - Spikevax,Pfizer BioNTech - Comirnaty,Sinovac - CoronaVac",,10,1796776,62.365
Republic of Korea,KOR,WPRO,REPORTING,7/7/2022,125873397,54546729,245.515,106.393,44551612,86.897,"AstraZeneca - Vaxzevria,Janssen - Ad26.COV 2-S,Moderna - Spikevax,Novavax-NUVAXOVID,Pfizer BioNTech - Comirnaty",2/26/2021,5,33374446,65.097
Republic of Moldova,MDA,EURO,REPORTING,6/19/2022,2197380,1094958,54.5,27.143,1065301,26.408,"AstraZeneca - Vaxzevria,Beijing CNBG - BBIBP-CorV,Gamaleya - Gam-Covid-Vac,Janssen - Ad26.COV 2-S,Moderna - Spikevax,Pfizer BioNTech - Comirnaty,Sinovac - CoronaVac",3/3/2021,7,338542,8.392
Romania,ROU,EURO,REPORTING,6/26/2022,16041016,8175541,83,42.297,8124505,42.033,"AstraZeneca - Vaxzevria,Janssen - Ad26.COV 2-S,Moderna - Spikevax,Pfizer BioNTech - Comirnaty",1/27/2021,4,1747022,9.038
Russian Federation,RUS,EURO,OWID,7/11/2022,168286901,81597163,115.3,55.914,74329141,50.933,"SRCVB - EpiVacCorona, Gamaleya - Sputnik V",,2,,
Rwanda,RWA,AFRO,REPORTING,7/10/2022,22931472,9129714,177.047,70.488,8733727,67.43,"Beijing CNBG - BBIBP-CorV,Gamaleya - Gam-Covid-Vac,Janssen - Ad26.COV 2-S,Moderna - Spikevax,Pfizer BioNTech - Comirnaty,SII - Covishield,Sinovac - CoronaVac",3/5/2021,7,5068031,39.129
Saint Helena,SHN,AFRO,OWID,5/5/2021,7892,4361,129.995,71.833,3531,58.162,AstraZeneca - AZD1222,,1,,
Saint Kitts and Nevis,KNA,AMRO,REPORTING,7/15/2022,58914,28629,110.757,53.822,26830,50.44,"AstraZeneca - Vaxzevria,Pfizer BioNTech - Comirnaty,SII - Covishield",2/22/2021,3,3455,6.495
Saint Lucia,LCA,AMRO,REPORTING,7/15/2022,121813,59712,66.337,32.518,54436,29.645,"AstraZeneca - Vaxzevria,Janssen - Ad26.COV 2-S,Moderna - Spikevax,Pfizer BioNTech - Comirnaty,SII - Covishield",2/17/2021,5,7665,4.174
Saint Vincent and the Grenadines,VCT,AMRO,REPORTING,7/15/2022,71811,36858,64.73,33.223,30984,27.929,"AstraZeneca - Vaxzevria,Gamaleya - Gam-Covid-Vac,Gamaleya - Sputnik-Light,Pfizer BioNTech - Comirnaty,SII - Covishield",2/1/2021,5,3969,3.578
Samoa,WSM,WPRO,REPORTING,5/29/2022,439060,190053,221.285,95.786,174125,87.758,"AstraZeneca - Vaxzevria,Pfizer BioNTech - Comirnaty",4/18/2021,2,74882,37.74
San Marino,SMR,EURO,REPORTING,5/22/2022,69338,26357,204.3,76.501,23633,68.595,"Gamaleya - Gam-Covid-Vac,Pfizer BioNTech - Comirnaty",2/24/2021,2,19348,56.158
Sao Tome and Principe,STP,AFRO,REPORTING,7/3/2022,218850,124684,99.859,56.892,97402,44.444,"AstraZeneca - Vaxzevria,SII - Covishield",3/15/2021,2,22342,10.194
Saudi Arabia,SAU,EMRO,REPORTING,6/20/2022,66700629,26713922,191.592,76.734,25082132,72.046,"AstraZeneca - Vaxzevria,Beijing CNBG - BBIBP-CorV,Bharat - Covaxin,CanSino - Convidecia,Gamaleya - Gam-Covid-Vac,Gamaleya - Sputnik-Light,Janssen - Ad26.COV 2-S,Moderna - Spikevax,Pfizer BioNTech - Comirnaty,Sinovac - CoronaVac",1/6/2021,10,14904575,42.812
Senegal,SEN,AFRO,REPORTING,7/3/2022,2090701,1488563,12.486,8.89,1070503,6.393,"Beijing CNBG - BBIBP-CorV,Janssen - Ad26.COV 2-S,SII - Covishield",2/23/2021,3,10897,0.065
Serbia,SRB,EURO,REPORTING,6/12/2022,6708547,3391961,96.9,48.969,3316586,47.881,"AstraZeneca - Vaxzevria,Beijing CNBG - BBIBP-CorV,Gamaleya - Gam-Covid-Vac,Moderna - Spikevax,Pfizer BioNTech - Comirnaty",12/23/2020,5,0,0
Seychelles,SYC,AFRO,REPORTING,7/3/2022,206959,85100,210.438,86.53,80864,82.223,"Beijing CNBG - BBIBP-CorV,Gamaleya - Gam-Covid-Vac,Julphar - Hayat-Vax,SII - Covishield",1/10/2021,4,42536,43.251
Sierra Leone,SLE,AFRO,REPORTING,7/10/2022,3526274,2644113,44.206,33.147,1916574,24.026,"Beijing CNBG - BBIBP-CorV,SII - Covishield",3/15/2021,2,12864,0.161
Singapore,SGP,WPRO,REPORTING,7/4/2022,14242290,5020113,243.444,85.809,4998069,85.432,"AstraZeneca - Vaxzevria,Beijing CNBG - BBIBP-CorV,Moderna - Spikevax,Pfizer BioNTech - Comirnaty",12/30/2020,4,4224108,72.203
Sint Maarten,SXM,AMRO,REPORTING,7/15/2022,63735,28407,148.629,66.245,26417,61.604,"AstraZeneca - Vaxzevria,Moderna - Spikevax,Pfizer BioNTech - Comirnaty",2/22/2021,3,8911,20.78
Slovakia,SVK,EURO,REPORTING,6/26/2022,7079452,2822334,129.7,51.711,2772473,50.798,"AstraZeneca - Vaxzevria,Gamaleya - Gam-Covid-Vac,Janssen - Ad26.COV 2-S,Moderna - Spikevax,Novavax-NUVAXOVID,Pfizer BioNTech - Comirnaty",1/6/2021,6,1653030,30.287
Slovenia,SVN,EURO,REPORTING,6/26/2022,2957090,1236792,141.1,59.039,1206067,57.545,"AstraZeneca - Vaxzevria,Janssen - Ad26.COV 2-S,Moderna - Spikevax,Novavax-NUVAXOVID,Pfizer BioNTech - Comirnaty",12/23/2020,5,649605,30.995
Solomon Islands,SLB,WPRO,REPORTING,7/3/2022,482043,289502,70.178,42.147,187200,27.254,"AstraZeneca - Vaxzevria,Beijing CNBG - BBIBP-CorV,Pfizer BioNTech - Comirnaty,SII - Covishield",3/23/2021,4,5402,0.786
Somalia,SOM,EMRO,REPORTING,7/7/2022,3158975,2660534,19.876,16.74,1641835,10.33,"AstraZeneca - Vaxzevria,Beijing CNBG - BBIBP-CorV,Bharat - Covaxin,CanSino - Convidecia,Gamaleya - Gam-Covid-Vac,Gamaleya - Sputnik-Light,Janssen - Ad26.COV 2-S,Moderna - Spikevax,Pfizer BioNTech - Comirnaty,SII - Covishield,Sinovac - CoronaVac",3/16/2021,11,,
South Africa,ZAF,AFRO,REPORTING,7/10/2022,36945840,23383287,62.294,39.426,20419196,34.429,"Janssen - Ad26.COV 2-S,Pfizer BioNTech - Comirnaty",2/17/2021,2,3513059,5.923
South Sudan,SSD,AFRO,REPORTING,7/10/2022,1323626,1273406,11.825,11.376,1231360,11,"Janssen - Ad26.COV 2-S,SII - Covishield",4/6/2021,2,,
Spain,ESP,EURO,REPORTING,6/26/2022,102258825,41233004,216,87.113,37409022,79.034,"AstraZeneca - Vaxzevria,Janssen - Ad26.COV 2-S,Moderna - Spikevax,Pfizer BioNTech - Comirnaty",12/30/2020,4,25398992,53.661
Sri Lanka,LKA,SEARO,REPORTING,7/18/2022,39659765,17104637,185.211,79.879,14553192,67.963,"AstraZeneca - Vaxzevria,Beijing CNBG - BBIBP-CorV,Gamaleya - Gam-Covid-Vac,Moderna - Spikevax,Pfizer BioNTech - Comirnaty,SII - Covishield",1/29/2021,6,8001936,37.369
Sudan,SDN,EMRO,REPORTING,5/30/2022,8179010,6651268,18.653,15.168,4536964,10.347,"AstraZeneca - Vaxzevria,Beijing CNBG - BBIBP-CorV,Bharat - Covaxin,CanSino - Convidecia,Gamaleya - Gam-Covid-Vac,Gamaleya - Sputnik-Light,Janssen - Ad26.COV 2-S,Moderna - Spikevax,Pfizer BioNTech - Comirnaty,SII - Covishield,Sinovac - CoronaVac",3/9/2021,11,50234,0.115
Suriname,SUR,AMRO,REPORTING,7/15/2022,554588,267820,94.538,45.654,237879,40.55,"AstraZeneca - Vaxzevria,Beijing CNBG - BBIBP-CorV,Moderna - Spikevax,Pfizer BioNTech - Comirnaty,SII - Covishield",2/23/2021,5,48889,8.334
Sweden,SWE,EURO,REPORTING,6/26/2022,22003370,7559340,213.1,73.196,7397539,71.629,"AstraZeneca - Vaxzevria,Moderna - Spikevax,Novavax-NUVAXOVID,Pfizer BioNTech - Comirnaty,Unknown Vaccine",12/23/2020,5,5454678,52.817
Switzerland,CHE,EURO,REPORTING,6/26/2022,15582021,6087474,180,70.735,5710151,66.351,"Janssen - Ad26.COV 2-S,Moderna - Spikevax,Pfizer BioNTech - Comirnaty",12/23/2020,3,3843288,44.658
Syrian Arab Republic,SYR,EMRO,REPORTING,7/10/2022,4256291,2758742,24.321,15.764,1839872,10.513,"AstraZeneca - Vaxzevria,Beijing CNBG - BBIBP-CorV,Bharat - Covaxin,CanSino - Convidecia,Gamaleya - Gam-Covid-Vac,Gamaleya - Sputnik-Light,Janssen - Ad26.COV 2-S,Moderna - Spikevax,Pfizer BioNTech - Comirnaty,SII - Covishield,Sinovac - CoronaVac",4/1/2021,11,33449,0.191
Tajikistan,TJK,EURO,REPORTING,6/12/2022,13782905,5220731,144.5,54.738,5034819,52.789,"AstraZeneca - Vaxzevria,Gamaleya - Gam-Covid-Vac,Moderna - Spikevax,Pfizer BioNTech - Comirnaty,SII - Covishield,Sinovac - CoronaVac",3/24/2021,6,3527355,36.984
Thailand,THA,SEARO,REPORTING,7/18/2022,139937409,56774604,200.483,81.339,53035086,75.982,"AstraZeneca - Vaxzevria,Beijing CNBG - BBIBP-CorV,Janssen - Ad26.COV 2-S,Moderna - Spikevax,Pfizer BioNTech - Comirnaty,SII - Covishield,SII - Covovax,Sinovac - CoronaVac",2/28/2021,8,30127719,43.163
The United Kingdom,GBR,EURO,REPORTING,6/29/2022,149554065,53601172,220.3,78.756,50160206,73.7,"AstraZeneca - Vaxzevria,Moderna - Spikevax,Pfizer BioNTech - Comirnaty",12/21/2020,3,,
Timor-Leste,TLS,SEARO,REPORTING,7/19/2022,1733196,841763,131.458,63.845,725971,55.063,"AstraZeneca - Vaxzevria,Pfizer BioNTech - Comirnaty,SII - Covishield,Sinovac - CoronaVac",4/7/2021,4,165462,12.55
Togo,TGO,AFRO,REPORTING,7/10/2022,3290821,2115629,39.75,25.555,1557538,18.814,SII - Covishield,3/10/2021,1,87104,1.052
Tokelau,TKL,WPRO,REPORTING,4/21/2022,3326,1339,246.37,99.185,1125,83.333,Pfizer BioNTech - Comirnaty,7/20/2021,1,862,63.852
Tonga,TON,WPRO,REPORTING,6/13/2022,261560,77510,247.467,73.334,72688,68.771,"AstraZeneca - Vaxzevria,Pfizer BioNTech - Comirnaty",4/14/2021,2,59785,56.564
Trinidad and Tobago,TTO,AMRO,REPORTING,7/15/2022,1575495,751675,112.577,53.711,714732,51.071,"AstraZeneca - Vaxzevria,Beijing CNBG - BBIBP-CorV,Janssen - Ad26.COV 2-S,Pfizer BioNTech - Comirnaty,SII - Covishield",2/17/2021,5,166687,11.911
Tunisia,TUN,EMRO,REPORTING,7/6/2022,14856033,8890362,125.7,75.223,6377304,53.96,"AstraZeneca - Vaxzevria,Beijing CNBG - BBIBP-CorV,Bharat - Covaxin,CanSino - Convidecia,Gamaleya - Gam-Covid-Vac,Gamaleya - Sputnik-Light,Janssen - Ad26.COV 2-S,Moderna - Spikevax,Pfizer BioNTech - Comirnaty,Sinovac - CoronaVac",3/13/2021,10,1278452,10.817
Turkey,TUR,EURO,OWID,7/11/2022,147814534,57856676,175.3,69.577,53085724,63.839,"Pfizer BioNTech - Comirnaty, Sinovac - CoronaVac, Turkovac",,3,,
Turkmenistan,TKM,EURO,REPORTING,3/6/2022,7140000,2970000,118.4,49.244,2920000,48.415,"Anhui ZL - Zifivax,AstraZeneca - Vaxzevria,Beijing CNBG - BBIBP-CorV,Gamaleya - Gam-Covid-Vac,RIBSP - QazVac,SRCVB - EpiVacCorona,Unknown Vaccine",2/24/2021,7,1250000,20.726
Turks and Caicos Islands,TCA,AMRO,REPORTING,7/15/2022,70169,32189,181.231,83.137,30129,77.817,Pfizer BioNTech - Comirnaty,1/11/2021,1,7851,20.277
Tuvalu,TUV,WPRO,REPORTING,4/5/2022,12528,6368,106.242,54.003,6160,52.239,AstraZeneca - Vaxzevria,4/13/2021,1,,
Uganda,UGA,AFRO,REPORTING,7/10/2022,22965496,16960947,50.208,37.08,11647306,25.464,"Janssen - Ad26.COV 2-S,Moderna - Spikevax,Pfizer BioNTech - Comirnaty,SII - Covishield,Sinovac - CoronaVac",3/10/2021,5,188743,0.413
Ukraine,UKR,EURO,REPORTING,2/27/2022,31668577,15774300,72.4,36.069,15153577,34.65,"AstraZeneca - Vaxzevria,Janssen - Ad26.COV 2-S,Moderna - Spikevax,Pfizer BioNTech - Comirnaty,SII - Covishield,Sinovac - CoronaVac",2/24/2021,6,741197,1.695
United Arab Emirates,ARE,EMRO,REPORTING,6/20/2022,24922054,9991089,251.982,101.018,9792266,99.008,"AstraZeneca - Vaxzevria,Beijing CNBG - BBIBP-CorV,Bharat - Covaxin,CanSino - Convidecia,Gamaleya - Gam-Covid-Vac,Gamaleya - Sputnik-Light,Janssen - Ad26.COV 2-S,Moderna - Spikevax,Pfizer BioNTech - Comirnaty,SII - Covishield,Sinovac - CoronaVac",,11,5138699,51.956
United Republic of Tanzania,TZA,AFRO,REPORTING,7/3/2022,12067632,8871313,20.202,14.851,7499156,12.554,"Beijing CNBG - BBIBP-CorV,Janssen - Ad26.COV 2-S,Pfizer BioNTech - Comirnaty",7/28/2021,3,,
United States of America,USA,AMRO,REPORTING,7/15/2022,591276330,263964359,178.632,79.747,220041296,66.477,"Janssen - Ad26.COV 2-S,Moderna - Spikevax,Pfizer BioNTech - Comirnaty",12/14/2020,3,105361482,31.831
Uruguay,URY,AMRO,REPORTING,7/15/2022,8702727,2998107,250.53,86.308,2888887,83.164,"AstraZeneca - Vaxzevria,Pfizer BioNTech - Comirnaty,Sinovac - CoronaVac",2/27/2021,3,2058071,59.247
Uzbekistan,UZB,EURO,REPORTING,6/26/2022,55782994,19699111,166.7,58.857,15571588,46.525,"Anhui ZL - Zifivax,Gamaleya - Gam-Covid-Vac,Gamaleya - Sputnik-Light,Moderna - Spikevax,Pfizer BioNTech - Comirnaty,SII - Covishield,Sinovac - CoronaVac,Unknown Vaccine",4/28/2021,8,10296725,30.765
Vanuatu,VUT,WPRO,REPORTING,6/19/2022,260304,143339,84.75,46.668,130607,42.523,"AstraZeneca - Vaxzevria,Beijing CNBG - BBIBP-CorV,Janssen - Ad26.COV 2-S",6/2/2021,3,15966,5.198
Venezuela (Bolivarian Republic of),VEN,AMRO,REPORTING,7/15/2022,37860994,22157232,133.145,77.92,14287370,50.244,"Beijing CNBG - BBIBP-CorV,CIGB - CIGB-66,Finlay - Soberana-02,Gamaleya - Gam-Covid-Vac,Gamaleya - Sputnik-Light,Sinovac - CoronaVac",2/22/2021,6,651502,2.291
Viet Nam,VNM,WPRO,REPORTING,7/7/2022,234856999,86785069,241.278,89.158,80185029,82.377,"AstraZeneca - Vaxzevria,Beijing CNBG - BBIBP-CorV,CIGB - CIGB-66,Gamaleya - Gam-Covid-Vac,Moderna - Spikevax,Pfizer BioNTech - Comirnaty",3/8/2021,6,61431250,63.111
Wallis and Futuna,WLF,WPRO,REPORTING,4/14/2022,16426,6592,146.061,58.616,6633,58.981,Moderna - Spikevax,3/19/2021,1,3201,28.463
Yemen,YEM,EMRO,REPORTING,7/4/2022,874886,708152,2.933,2.374,450163,1.509,"AstraZeneca - Vaxzevria,Beijing CNBG - BBIBP-CorV,Bharat - Covaxin,CanSino - Convidecia,Gamaleya - Gam-Covid-Vac,Gamaleya - Sputnik-Light,Janssen - Ad26.COV 2-S,Moderna - Spikevax,Pfizer BioNTech - Comirnaty,SII - Covishield,Sinovac - CoronaVac",4/20/2021,11,80,0
Zambia,ZMB,AFRO,REPORTING,7/10/2022,7409521,6649681,40.304,36.171,4639500,25.237,"Beijing CNBG - BBIBP-CorV,Janssen - Ad26.COV 2-S,SII - Covishield",4/14/2021,3,428303,2.33
Zimbabwe,ZWE,AFRO,REPORTING,7/3/2022,11804651,6289448,79.423,42.316,4637712,31.203,"Beijing CNBG - BBIBP-CorV,Bharat - Covaxin,Gamaleya - Gam-Covid-Vac,Sinovac - CoronaVac",2/18/2021,4,877491,5.904
Bonaire,XAA,AMRO,REPORTING,7/15/2022,41223,17424,197.098,83.309,15854,75.802,,,,7945,37.987
Eritrea,ERI,AFRO,REPORTING,7/3/2022,,0,,0,0,0,,,,,
Saba,XCA,AMRO,REPORTING,7/15/2022,4419,1680,228.608,86.912,1639,84.79,,,,1100,56.906
Sint Eustatius,XBA,AMRO,REPORTING,7/15/2022,4257,1791,135.616,57.056,1686,53.711,,,,780,24.849
